{
  "version": 2,
  "units": "relative",
  "coordinate_system": "component_bbox",
  "port_types": [
    "ethernet",
    "4_gauge",
    "12_gauge",
    "18_gauge",
    "usb"
  ],
  "components": [
    {
      "id": "10a-automotive-fuse",
      "name": "10A Automotive Fuse",
      "svg": "10A Automotive Fuse.svg",
      "category": "uncategorized",
      "tags": [],
      "defaults": {
        "rotation": 0,
        "scale": 1
      },
      "svg_meta": {
        "viewBox": {
          "minX": 0,
          "minY": 0,
          "width": 52.96,
          "height": 12.71
        },
        "widthAttr": "52.96",
        "heightAttr": "12.71",
        "widthPx": 52.96,
        "heightPx": 12.71,
        "aspect": 4.166797797010228
      },
      "ports": [
        {
          "id": "in",
          "type": "12_gauge",
          "x": 0.1,
          "y": 0.5
        },
        {
          "id": "out",
          "type": "12_gauge",
          "x": 0.9,
          "y": 0.5
        }
      ],
      "physical_in": {
        "w": 0.506,
        "h": 0.121
      },
      "physical_in_source": "scaled_from_pdh_reference_viewbox"
    },
    {
      "id": "10a-pdh-fuse",
      "name": "10A PDH Fuse",
      "svg": "10A PDH Fuse.svg",
      "category": "uncategorized",
      "tags": [],
      "defaults": {
        "rotation": 0,
        "scale": 1
      },
      "svg_meta": {
        "viewBox": {
          "minX": 0,
          "minY": 0,
          "width": 83.74,
          "height": 40.18
        },
        "widthAttr": "83.74",
        "heightAttr": "40.18",
        "widthPx": 83.74,
        "heightPx": 40.18,
        "aspect": 2.0841214534594323
      },
      "ports": [
        {
          "id": "in",
          "type": "12_gauge",
          "x": 0.1,
          "y": 0.5
        },
        {
          "id": "out",
          "type": "12_gauge",
          "x": 0.9,
          "y": 0.5
        }
      ],
      "physical_in": {
        "w": 0.8,
        "h": 0.384
      },
      "physical_in_source": "scaled_from_pdh_reference_viewbox"
    },
    {
      "id": "120a-fuse",
      "name": "120A Fuse",
      "svg": "120A Fuse.svg",
      "category": "uncategorized",
      "tags": [],
      "defaults": {
        "rotation": 0,
        "scale": 1
      },
      "svg_meta": {
        "viewBox": {
          "minX": 0,
          "minY": 0,
          "width": 169.75,
          "height": 259.75
        },
        "widthAttr": "169.75",
        "heightAttr": "259.75",
        "widthPx": 169.75,
        "heightPx": 259.75,
        "aspect": 0.6535129932627527
      },
      "ports": [
        {
          "id": "battery_in",
          "type": "4_gauge",
          "x": 0.5,
          "y": 0.08
        },
        {
          "id": "pdh_out",
          "type": "4_gauge",
          "x": 0.5,
          "y": 0.92
        }
      ],
      "physical_in": {
        "w": 1.621,
        "h": 2.48
      },
      "physical_in_source": "scaled_from_pdh_reference_viewbox"
    },
    {
      "id": "20a-pdh-fuse",
      "name": "20A PDH Fuse",
      "svg": "20A PDH Fuse.svg",
      "category": "uncategorized",
      "tags": [],
      "defaults": {
        "rotation": 0,
        "scale": 1
      },
      "svg_meta": {
        "viewBox": {
          "minX": 0,
          "minY": 0,
          "width": 83.74,
          "height": 40.18
        },
        "widthAttr": "83.74",
        "heightAttr": "40.18",
        "widthPx": 83.74,
        "heightPx": 40.18,
        "aspect": 2.0841214534594323
      },
      "ports": [
        {
          "id": "in",
          "type": "12_gauge",
          "x": 0.1,
          "y": 0.5
        },
        {
          "id": "out",
          "type": "12_gauge",
          "x": 0.9,
          "y": 0.5
        }
      ],
      "physical_in": {
        "w": 0.8,
        "h": 0.384
      },
      "physical_in_source": "scaled_from_pdh_reference_viewbox"
    },
    {
      "id": "2168-type-beam-break",
      "name": "2168 Type Beam Break",
      "svg": "2168 Type Beam Break.svg",
      "category": "uncategorized",
      "tags": [],
      "defaults": {
        "rotation": 0,
        "scale": 1
      },
      "svg_meta": {
        "viewBox": {
          "minX": 0,
          "minY": 0,
          "width": 114.02,
          "height": 74.49
        },
        "widthAttr": "114.02",
        "heightAttr": "74.49",
        "widthPx": 114.02,
        "heightPx": 74.49,
        "aspect": 1.5306752584239496
      },
      "ports": [
        {
          "id": "signal",
          "type": "18_gauge",
          "x": 0.1,
          "y": 0.85
        }
      ],
      "physical_in": {
        "w": 1.089,
        "h": 0.711
      },
      "physical_in_source": "scaled_from_pdh_reference_viewbox"
    },
    {
      "id": "40a-pdh-fuse",
      "name": "40A PDH Fuse",
      "svg": "40A PDH Fuse.svg",
      "category": "uncategorized",
      "tags": [],
      "defaults": {
        "rotation": 0,
        "scale": 1
      },
      "svg_meta": {
        "viewBox": {
          "minX": 0,
          "minY": 0,
          "width": 84.18,
          "height": 40.39
        },
        "widthAttr": "84.18",
        "heightAttr": "40.39",
        "widthPx": 84.18,
        "heightPx": 40.39,
        "aspect": 2.0841792522901708
      },
      "ports": [
        {
          "id": "in",
          "type": "12_gauge",
          "x": 0.1,
          "y": 0.5
        },
        {
          "id": "out",
          "type": "12_gauge",
          "x": 0.9,
          "y": 0.5
        }
      ],
      "physical_in": {
        "w": 0.804,
        "h": 0.386
      },
      "physical_in_source": "scaled_from_pdh_reference_viewbox"
    },
    {
      "id": "c270-camera",
      "name": "C270 Camera",
      "svg": "C270 Camera.svg",
      "category": "uncategorized",
      "tags": [],
      "defaults": {
        "rotation": 0,
        "scale": 1
      },
      "svg_meta": {
        "viewBox": {
          "minX": 0,
          "minY": 0,
          "width": 177.31,
          "height": 77.86
        },
        "widthAttr": "177.31",
        "heightAttr": "77.86",
        "widthPx": 177.31,
        "heightPx": 77.86,
        "aspect": 2.2772925764192142
      },
      "ports": [
        {
          "id": "usb",
          "type": "usb",
          "x": 0.1,
          "y": 0.8
        }
      ],
      "physical_in": {
        "w": 1.693,
        "h": 0.743
      },
      "physical_in_source": "scaled_from_pdh_reference_viewbox"
    },
    {
      "id": "cim",
      "name": "CIM",
      "svg": "CIM.svg",
      "category": "uncategorized",
      "tags": [],
      "defaults": {
        "rotation": 0,
        "scale": 1
      },
      "svg_meta": {
        "viewBox": {
          "minX": 0,
          "minY": 0,
          "width": 733,
          "height": 1771
        },
        "widthAttr": "100%",
        "heightAttr": "100%",
        "widthPx": 733,
        "heightPx": 1771,
        "aspect": 0.4138904573687182
      },
      "ports": [
        {
          "id": "motor_leads",
          "type": "12_gauge",
          "x": 0.5,
          "y": 0.92
        }
      ],
      "physical_in": {
        "w": 6.999,
        "h": 16.91
      },
      "physical_in_source": "scaled_from_pdh_reference_viewbox"
    },
    {
      "id": "ctre-minion",
      "name": "CTRE Minion",
      "svg": "CTRE Minion.svg",
      "category": "uncategorized",
      "tags": [],
      "defaults": {
        "rotation": 0,
        "scale": 1
      },
      "svg_meta": {
        "viewBox": {
          "minX": 0,
          "minY": 0,
          "width": 451,
          "height": 858
        },
        "widthAttr": "100%",
        "heightAttr": "100%",
        "widthPx": 451,
        "heightPx": 858,
        "aspect": 0.5256410256410257
      },
      "ports": [
        {
          "id": "pwr_in",
          "type": "18_gauge",
          "x": 0.1,
          "y": 0.2
        },
        {
          "id": "usb",
          "type": "usb",
          "x": 0.1,
          "y": 0.5
        }
      ],
      "physical_in": {
        "w": 4.306,
        "h": 8.193
      },
      "physical_in_source": "scaled_from_pdh_reference_viewbox"
    },
    {
      "id": "falcon-500",
      "name": "Falcon 500",
      "svg": "Falcon 500.svg",
      "category": "uncategorized",
      "tags": [],
      "defaults": {
        "rotation": 0,
        "scale": 1
      },
      "svg_meta": {
        "viewBox": {
          "minX": 0,
          "minY": 0,
          "width": 289.83,
          "height": 178.6
        },
        "widthAttr": "289.83",
        "heightAttr": "178.6",
        "widthPx": 289.83,
        "heightPx": 178.6,
        "aspect": 1.6227883538633818
      },
      "ports": [
        {
          "id": "motor_power",
          "type": "12_gauge",
          "x": 0.5,
          "y": 0.92
        }
      ],
      "physical_in": {
        "w": 2.767,
        "h": 1.705
      },
      "physical_in_source": "scaled_from_pdh_reference_viewbox"
    },
    {
      "id": "koors-40",
      "name": "Koors 40",
      "svg": "Koors 40.svg",
      "category": "uncategorized",
      "tags": [],
      "defaults": {
        "rotation": 0,
        "scale": 1
      },
      "svg_meta": {
        "viewBox": {
          "minX": 0,
          "minY": 0,
          "width": 301.53,
          "height": 127
        },
        "widthAttr": "301.53",
        "heightAttr": "127",
        "widthPx": 301.53,
        "heightPx": 127,
        "aspect": 2.3742519685039367
      },
      "ports": [
        {
          "id": "motor_power",
          "type": "12_gauge",
          "x": 0.5,
          "y": 0.92
        }
      ],
      "physical_in": {
        "w": 2.879,
        "h": 1.213
      },
      "physical_in_source": "scaled_from_pdh_reference_viewbox"
    },
    {
      "id": "kraken-x44",
      "name": "Kraken X44",
      "svg": "Kraken X44.svg",
      "category": "uncategorized",
      "tags": [],
      "defaults": {
        "rotation": 0,
        "scale": 1
      },
      "svg_meta": {
        "viewBox": {
          "minX": 0,
          "minY": 0,
          "width": 468,
          "height": 1024
        },
        "widthAttr": "100%",
        "heightAttr": "100%",
        "widthPx": 468,
        "heightPx": 1024,
        "aspect": 0.45703125
      },
      "ports": [
        {
          "id": "motor_power",
          "type": "12_gauge",
          "x": 0.5,
          "y": 0.92
        }
      ],
      "physical_in": {
        "w": 4.469,
        "h": 9.778
      },
      "physical_in_source": "scaled_from_pdh_reference_viewbox"
    },
    {
      "id": "kraken-x60",
      "name": "Kraken X60",
      "svg": "Kraken X60.svg",
      "category": "uncategorized",
      "tags": [],
      "defaults": {
        "rotation": 0,
        "scale": 1
      },
      "svg_meta": {
        "viewBox": {
          "minX": 0,
          "minY": 0,
          "width": 646,
          "height": 1029
        },
        "widthAttr": "100%",
        "heightAttr": "100%",
        "widthPx": 646,
        "heightPx": 1029,
        "aspect": 0.6277939747327502
      },
      "ports": [
        {
          "id": "motor_power",
          "type": "12_gauge",
          "x": 0.5,
          "y": 0.92
        }
      ],
      "physical_in": {
        "w": 6.168,
        "h": 9.825
      },
      "physical_in_source": "scaled_from_pdh_reference_viewbox"
    },
    {
      "id": "lm-switch",
      "name": "LM Switch",
      "svg": "LM Switch.svg",
      "category": "uncategorized",
      "tags": [],
      "defaults": {
        "rotation": 0,
        "scale": 1
      },
      "svg_meta": {
        "viewBox": {
          "minX": 0,
          "minY": 0,
          "width": 103.96,
          "height": 183.77
        },
        "widthAttr": "103.96",
        "heightAttr": "183.77",
        "widthPx": 103.96,
        "heightPx": 183.77,
        "aspect": 0.5657071339173967
      },
      "ports": [
        {
          "id": "signal",
          "type": "18_gauge",
          "x": 0.5,
          "y": 0.92
        }
      ],
      "physical_in": {
        "w": 0.993,
        "h": 1.755
      },
      "physical_in_source": "scaled_from_pdh_reference_viewbox"
    },
    {
      "id": "neo-1-1",
      "name": "Neo 1.1",
      "svg": "Neo 1.1.svg",
      "category": "uncategorized",
      "tags": [],
      "defaults": {
        "rotation": 0,
        "scale": 1
      },
      "svg_meta": {
        "viewBox": {
          "minX": 0,
          "minY": 0,
          "width": 650,
          "height": 1008
        },
        "widthAttr": "100%",
        "heightAttr": "100%",
        "widthPx": 650,
        "heightPx": 1008,
        "aspect": 0.6448412698412699
      },
      "ports": [
        {
          "id": "motor_power",
          "type": "12_gauge",
          "x": 0.5,
          "y": 0.92
        }
      ],
      "physical_in": {
        "w": 6.207,
        "h": 9.625
      },
      "physical_in_source": "scaled_from_pdh_reference_viewbox"
    },
    {
      "id": "neo-2",
      "name": "Neo 2",
      "svg": "Neo 2.svg",
      "category": "uncategorized",
      "tags": [],
      "defaults": {
        "rotation": 0,
        "scale": 1
      },
      "svg_meta": {
        "viewBox": {
          "minX": 0,
          "minY": 0,
          "width": 711,
          "height": 983
        },
        "widthAttr": "100%",
        "heightAttr": "100%",
        "widthPx": 711,
        "heightPx": 983,
        "aspect": 0.7232960325534079
      },
      "ports": [
        {
          "id": "motor_power",
          "type": "12_gauge",
          "x": 0.5,
          "y": 0.92
        }
      ],
      "physical_in": {
        "w": 6.789,
        "h": 9.386
      },
      "physical_in_source": "scaled_from_pdh_reference_viewbox"
    },
    {
      "id": "neo-550",
      "name": "Neo 550",
      "svg": "Neo 550.svg",
      "category": "uncategorized",
      "tags": [],
      "defaults": {
        "rotation": 0,
        "scale": 1
      },
      "svg_meta": {
        "viewBox": {
          "minX": 0,
          "minY": 0,
          "width": 415,
          "height": 663
        },
        "widthAttr": "100%",
        "heightAttr": "100%",
        "widthPx": 415,
        "heightPx": 663,
        "aspect": 0.6259426847662142
      },
      "ports": [
        {
          "id": "motor_power",
          "type": "12_gauge",
          "x": 0.5,
          "y": 0.92
        }
      ],
      "physical_in": {
        "w": 3.963,
        "h": 6.331
      },
      "physical_in_source": "scaled_from_pdh_reference_viewbox"
    },
    {
      "id": "neo-vortex",
      "name": "NEO Vortex",
      "svg": "NEO Vortex.svg",
      "category": "uncategorized",
      "tags": [],
      "defaults": {
        "rotation": 0,
        "scale": 1
      },
      "svg_meta": {
        "viewBox": {
          "minX": 0,
          "minY": 0,
          "width": 282.99,
          "height": 180.32
        },
        "widthAttr": "282.99",
        "heightAttr": "180.32",
        "widthPx": 282.99,
        "heightPx": 180.32,
        "aspect": 1.569376663708962
      },
      "ports": [
        {
          "id": "motor_power",
          "type": "12_gauge",
          "x": 0.5,
          "y": 0.92
        }
      ],
      "physical_in": {
        "w": 2.702,
        "h": 1.722
      },
      "physical_in_source": "scaled_from_pdh_reference_viewbox"
    },
    {
      "id": "npn-photoelectric-sensor",
      "name": "NPN Photoelectric Sensor",
      "svg": "NPN Photoelectric Sensor.svg",
      "category": "uncategorized",
      "tags": [],
      "defaults": {
        "rotation": 0,
        "scale": 1
      },
      "svg_meta": {
        "viewBox": {
          "minX": 0,
          "minY": 0,
          "width": 77.07,
          "height": 210.8
        },
        "widthAttr": "77.07",
        "heightAttr": "210.8",
        "widthPx": 77.07,
        "heightPx": 210.8,
        "aspect": 0.3656072106261859
      },
      "ports": [
        {
          "id": "signal",
          "type": "18_gauge",
          "x": 0.5,
          "y": 0.92
        }
      ],
      "physical_in": {
        "w": 0.736,
        "h": 2.013
      },
      "physical_in_source": "scaled_from_pdh_reference_viewbox"
    },
    {
      "id": "pdh-no-fuses",
      "name": "PDH (No Fuses)",
      "svg": "PDH (No Fuses).svg",
      "category": "uncategorized",
      "tags": [],
      "defaults": {
        "rotation": 0,
        "scale": 1
      },
      "svg_meta": {
        "viewBox": {
          "minX": 0,
          "minY": 0,
          "width": 463.36,
          "height": 920.75
        },
        "widthAttr": "463.36",
        "heightAttr": "920.75",
        "widthPx": 463.36,
        "heightPx": 920.75,
        "aspect": 0.5032419223459137
      },
      "ports": [
        {
          "id": "main_in_pos",
          "type": "4_gauge",
          "x": 0.1,
          "y": 0.2
        },
        {
          "id": "main_in_neg",
          "type": "4_gauge",
          "x": 0.1,
          "y": 0.35
        },
        {
          "id": "branch_out_12g_1",
          "type": "12_gauge",
          "x": 0.9,
          "y": 0.2
        },
        {
          "id": "branch_out_12g_2",
          "type": "12_gauge",
          "x": 0.9,
          "y": 0.3
        },
        {
          "id": "branch_out_12g_3",
          "type": "12_gauge",
          "x": 0.9,
          "y": 0.4
        },
        {
          "id": "branch_out_12g_4",
          "type": "12_gauge",
          "x": 0.9,
          "y": 0.5
        },
        {
          "id": "branch_out_12g_5",
          "type": "12_gauge",
          "x": 0.9,
          "y": 0.6
        },
        {
          "id": "branch_out_12g_6",
          "type": "12_gauge",
          "x": 0.9,
          "y": 0.7
        },
        {
          "id": "aux_out_18g",
          "type": "18_gauge",
          "x": 0.1,
          "y": 0.7
        }
      ],
      "physical_in": {
        "w": 4.38,
        "h": 8.88,
        "t": 1.56
      },
      "physical_in_source": "rev_pdh_drawing"
    },
    {
      "id": "potentiometer",
      "name": "Potentiometer",
      "svg": "Potentiometer.svg",
      "category": "uncategorized",
      "tags": [],
      "defaults": {
        "rotation": 0,
        "scale": 1
      },
      "svg_meta": {
        "viewBox": {
          "minX": 0,
          "minY": 0,
          "width": 46.8,
          "height": 66.81
        },
        "widthAttr": "46.8",
        "heightAttr": "66.81",
        "widthPx": 46.8,
        "heightPx": 66.81,
        "aspect": 0.7004939380332285
      },
      "ports": [
        {
          "id": "signal",
          "type": "18_gauge",
          "x": 0.5,
          "y": 0.92
        }
      ],
      "physical_in": {
        "w": 0.447,
        "h": 0.638
      },
      "physical_in_source": "scaled_from_pdh_reference_viewbox"
    },
    {
      "id": "rev-pneumatic-hub",
      "name": "REV Pneumatic Hub",
      "svg": "REV Pneumatic Hub.svg",
      "category": "uncategorized",
      "tags": [],
      "defaults": {
        "rotation": 0,
        "scale": 1
      },
      "svg_meta": {
        "viewBox": {
          "minX": 0,
          "minY": 0,
          "width": 438.43,
          "height": 188.83
        },
        "widthAttr": "438.43",
        "heightAttr": "188.83",
        "widthPx": 438.43,
        "heightPx": 188.83,
        "aspect": 2.321823862733676
      },
      "ports": [
        {
          "id": "pwr_in",
          "type": "18_gauge",
          "x": 0.1,
          "y": 0.2
        },
        {
          "id": "can",
          "type": "18_gauge",
          "x": 0.1,
          "y": 0.35
        },
        {
          "id": "solenoid_1",
          "type": "18_gauge",
          "x": 0.9,
          "y": 0.2
        },
        {
          "id": "solenoid_2",
          "type": "18_gauge",
          "x": 0.9,
          "y": 0.3
        },
        {
          "id": "solenoid_3",
          "type": "18_gauge",
          "x": 0.9,
          "y": 0.4
        },
        {
          "id": "solenoid_4",
          "type": "18_gauge",
          "x": 0.9,
          "y": 0.5
        }
      ],
      "physical_in": {
        "w": 4.38,
        "h": 1.88
      },
      "physical_in_source": "rev_ph_drawing"
    },
    {
      "id": "rev-radio-power-module",
      "name": "REV Radio Power Module",
      "svg": "REV Radio Power Module.svg",
      "category": "uncategorized",
      "tags": [],
      "defaults": {
        "rotation": 0,
        "scale": 1
      },
      "svg_meta": {
        "viewBox": {
          "minX": 0,
          "minY": 0,
          "width": 390.05,
          "height": 145.74
        },
        "widthAttr": "390.05",
        "heightAttr": "145.74",
        "widthPx": 390.05,
        "heightPx": 145.74,
        "aspect": 2.676341429943735
      },
      "ports": [
        {
          "id": "pdh_in",
          "type": "18_gauge",
          "x": 0.1,
          "y": 0.35
        },
        {
          "id": "radio_out",
          "type": "18_gauge",
          "x": 0.9,
          "y": 0.35
        }
      ],
      "physical_in": {
        "w": 3.724,
        "h": 1.392
      },
      "physical_in_source": "scaled_from_pdh_reference_viewbox"
    },
    {
      "id": "rev-servo",
      "name": "REV Servo",
      "svg": "REV Servo.svg",
      "category": "uncategorized",
      "tags": [],
      "defaults": {
        "rotation": 0,
        "scale": 1
      },
      "svg_meta": {
        "viewBox": {
          "minX": 0,
          "minY": 0,
          "width": 134.04,
          "height": 107.66
        },
        "widthAttr": "134.04",
        "heightAttr": "107.66",
        "widthPx": 134.04,
        "heightPx": 107.66,
        "aspect": 1.2450306520527588
      },
      "ports": [
        {
          "id": "pwm",
          "type": "18_gauge",
          "x": 0.1,
          "y": 0.8
        }
      ],
      "physical_in": {
        "w": 1.28,
        "h": 1.028
      },
      "physical_in_source": "scaled_from_pdh_reference_viewbox"
    },
    {
      "id": "rev-spark-max",
      "name": "REV Spark MAX",
      "svg": "REV Spark MAX.svg",
      "category": "uncategorized",
      "tags": [],
      "defaults": {
        "rotation": 0,
        "scale": 1
      },
      "svg_meta": {
        "viewBox": {
          "minX": 0,
          "minY": 0,
          "width": 264.82,
          "height": 135.78
        },
        "widthAttr": "264.82",
        "heightAttr": "135.78",
        "widthPx": 264.82,
        "heightPx": 135.78,
        "aspect": 1.9503608778907056
      },
      "ports": [
        {
          "id": "pdh_in_pos",
          "type": "12_gauge",
          "x": 0.1,
          "y": 0.25
        },
        {
          "id": "pdh_in_neg",
          "type": "12_gauge",
          "x": 0.1,
          "y": 0.35
        },
        {
          "id": "motor_out_a",
          "type": "12_gauge",
          "x": 0.9,
          "y": 0.25
        },
        {
          "id": "motor_out_b",
          "type": "12_gauge",
          "x": 0.9,
          "y": 0.35
        },
        {
          "id": "signal",
          "type": "18_gauge",
          "x": 0.1,
          "y": 0.55
        },
        {
          "id": "usb",
          "type": "usb",
          "x": 0.1,
          "y": 0.75
        }
      ],
      "physical_in": {
        "w": 2.529,
        "h": 1.296
      },
      "physical_in_source": "scaled_from_pdh_reference_viewbox"
    },
    {
      "id": "roborio-2-0",
      "name": "RoboRIO 2.0",
      "svg": "RoboRIO 2.0.svg",
      "category": "uncategorized",
      "tags": [],
      "defaults": {
        "rotation": 0,
        "scale": 1
      },
      "svg_meta": {
        "viewBox": {
          "minX": 0,
          "minY": 0,
          "width": 504,
          "height": 496.51
        },
        "widthAttr": "504",
        "heightAttr": "496.51",
        "widthPx": 504,
        "heightPx": 496.51,
        "aspect": 1.015085295361624
      },
      "ports": [
        {
          "id": "power",
          "type": "18_gauge",
          "x": 0.1,
          "y": 0.2
        },
        {
          "id": "ethernet",
          "type": "ethernet",
          "x": 0.1,
          "y": 0.4
        },
        {
          "id": "usb_1",
          "type": "usb",
          "x": 0.1,
          "y": 0.6
        },
        {
          "id": "usb_2",
          "type": "usb",
          "x": 0.1,
          "y": 0.7
        },
        {
          "id": "io_dio",
          "type": "18_gauge",
          "x": 0.9,
          "y": 0.3
        },
        {
          "id": "io_pwm",
          "type": "18_gauge",
          "x": 0.9,
          "y": 0.45
        },
        {
          "id": "io_analog",
          "type": "18_gauge",
          "x": 0.9,
          "y": 0.6
        }
      ],
      "physical_in": {
        "w": 5.75,
        "h": 5.64,
        "t": 1.37
      },
      "physical_in_source": "ni_roborio_2.0_specs"
    },
    {
      "id": "rsl",
      "name": "RSL",
      "svg": "RSL.svg",
      "category": "uncategorized",
      "tags": [],
      "defaults": {
        "rotation": 0,
        "scale": 1
      },
      "svg_meta": {
        "viewBox": {
          "minX": 0,
          "minY": 0,
          "width": 185.49,
          "height": 153.66
        },
        "widthAttr": "185.49",
        "heightAttr": "153.66",
        "widthPx": 185.49,
        "heightPx": 153.66,
        "aspect": 1.2071456462319408
      },
      "ports": [
        {
          "id": "signal",
          "type": "18_gauge",
          "x": 0.1,
          "y": 0.85
        }
      ],
      "physical_in": {
        "w": 1.771,
        "h": 1.467
      },
      "physical_in_source": "scaled_from_pdh_reference_viewbox"
    },
    {
      "id": "servo",
      "name": "Servo",
      "svg": "Servo.svg",
      "category": "uncategorized",
      "tags": [],
      "defaults": {
        "rotation": 0,
        "scale": 1
      },
      "svg_meta": {
        "viewBox": {
          "minX": 0,
          "minY": 0,
          "width": 135.95,
          "height": 109.19
        },
        "widthAttr": "135.95",
        "heightAttr": "109.19",
        "widthPx": 135.95,
        "heightPx": 109.19,
        "aspect": 1.2450773880391977
      },
      "ports": [
        {
          "id": "pwm",
          "type": "18_gauge",
          "x": 0.1,
          "y": 0.8
        }
      ],
      "physical_in": {
        "w": 1.298,
        "h": 1.043
      },
      "physical_in_source": "scaled_from_pdh_reference_viewbox"
    },
    {
      "id": "solenoid",
      "name": "Solenoid",
      "svg": "Solenoid.svg",
      "category": "uncategorized",
      "tags": [],
      "defaults": {
        "rotation": 0,
        "scale": 1
      },
      "svg_meta": {
        "viewBox": {
          "minX": 0,
          "minY": 0,
          "width": 281.53,
          "height": 83.67
        },
        "widthAttr": "281.53",
        "heightAttr": "83.67",
        "widthPx": 281.53,
        "heightPx": 83.67,
        "aspect": 3.3647663439703592
      },
      "ports": [
        {
          "id": "coil",
          "type": "18_gauge",
          "x": 0.1,
          "y": 0.8
        }
      ],
      "physical_in": {
        "w": 2.688,
        "h": 0.799
      },
      "physical_in_source": "scaled_from_pdh_reference_viewbox"
    },
    {
      "id": "spark",
      "name": "Spark",
      "svg": "Spark.svg",
      "category": "uncategorized",
      "tags": [],
      "defaults": {
        "rotation": 0,
        "scale": 1
      },
      "svg_meta": {
        "viewBox": {
          "minX": 0,
          "minY": 0,
          "width": 188.14,
          "height": 123.73
        },
        "widthAttr": "188.14",
        "heightAttr": "123.73",
        "widthPx": 188.14,
        "heightPx": 123.73,
        "aspect": 1.520568980845389
      },
      "ports": [
        {
          "id": "pdh_in_pos",
          "type": "12_gauge",
          "x": 0.1,
          "y": 0.3
        },
        {
          "id": "pdh_in_neg",
          "type": "12_gauge",
          "x": 0.1,
          "y": 0.4
        },
        {
          "id": "motor_out_a",
          "type": "12_gauge",
          "x": 0.9,
          "y": 0.3
        },
        {
          "id": "motor_out_b",
          "type": "12_gauge",
          "x": 0.9,
          "y": 0.4
        },
        {
          "id": "pwm",
          "type": "18_gauge",
          "x": 0.1,
          "y": 0.75
        }
      ],
      "physical_in": {
        "w": 1.796,
        "h": 1.181
      },
      "physical_in_source": "scaled_from_pdh_reference_viewbox"
    },
    {
      "id": "talon-srx",
      "name": "Talon SRX",
      "svg": "Talon SRX.svg",
      "category": "uncategorized",
      "tags": [],
      "defaults": {
        "rotation": 0,
        "scale": 1
      },
      "svg_meta": {
        "viewBox": {
          "minX": 0,
          "minY": 0,
          "width": 261.85,
          "height": 113.72
        },
        "widthAttr": "261.85",
        "heightAttr": "113.72",
        "widthPx": 261.85,
        "heightPx": 113.72,
        "aspect": 2.3025852972212455
      },
      "ports": [
        {
          "id": "pdh_in_pos",
          "type": "12_gauge",
          "x": 0.1,
          "y": 0.25
        },
        {
          "id": "pdh_in_neg",
          "type": "12_gauge",
          "x": 0.1,
          "y": 0.35
        },
        {
          "id": "motor_out_a",
          "type": "12_gauge",
          "x": 0.9,
          "y": 0.25
        },
        {
          "id": "motor_out_b",
          "type": "12_gauge",
          "x": 0.9,
          "y": 0.35
        },
        {
          "id": "signal",
          "type": "18_gauge",
          "x": 0.1,
          "y": 0.6
        }
      ],
      "physical_in": {
        "w": 2.5,
        "h": 1.086
      },
      "physical_in_source": "scaled_from_pdh_reference_viewbox"
    },
    {
      "id": "ttb-analog-encoder",
      "name": "TTB Analog Encoder",
      "svg": "TTB Analog Encoder.svg",
      "category": "uncategorized",
      "tags": [],
      "defaults": {
        "rotation": 0,
        "scale": 1
      },
      "svg_meta": {
        "viewBox": {
          "minX": 0,
          "minY": 0,
          "width": 74.33,
          "height": 83.63
        },
        "widthAttr": "74.33",
        "heightAttr": "83.63",
        "widthPx": 74.33,
        "heightPx": 83.63,
        "aspect": 0.888795886643549
      },
      "ports": [
        {
          "id": "signal",
          "type": "18_gauge",
          "x": 0.5,
          "y": 0.92
        }
      ],
      "physical_in": {
        "w": 0.71,
        "h": 0.799
      },
      "physical_in_source": "scaled_from_pdh_reference_viewbox"
    },
    {
      "id": "ttb-pulsar-775",
      "name": "TTB Pulsar 775",
      "svg": "TTB Pulsar 775.svg",
      "category": "uncategorized",
      "tags": [],
      "defaults": {
        "rotation": 0,
        "scale": 1
      },
      "svg_meta": {
        "viewBox": {
          "minX": 0,
          "minY": 0,
          "width": 498,
          "height": 1081
        },
        "widthAttr": "100%",
        "heightAttr": "100%",
        "widthPx": 498,
        "heightPx": 1081,
        "aspect": 0.4606845513413506
      },
      "ports": [
        {
          "id": "motor_leads",
          "type": "12_gauge",
          "x": 0.5,
          "y": 0.92
        }
      ],
      "physical_in": {
        "w": 4.755,
        "h": 10.322
      },
      "physical_in_source": "scaled_from_pdh_reference_viewbox"
    },
    {
      "id": "vh-109-radio",
      "name": "VH 109 Radio",
      "svg": "VH-109 Radio.svg",
      "category": "uncategorized",
      "tags": [],
      "defaults": {
        "rotation": 0,
        "scale": 1
      },
      "svg_meta": {
        "viewBox": {
          "minX": 0,
          "minY": 0,
          "width": 456.57,
          "height": 210.03
        },
        "widthAttr": "456.57",
        "heightAttr": "210.03",
        "widthPx": 456.57,
        "heightPx": 210.03,
        "aspect": 2.173832309670047
      },
      "ports": [
        {
          "id": "power",
          "type": "18_gauge",
          "x": 0.1,
          "y": 0.2
        },
        {
          "id": "ethernet_1",
          "type": "ethernet",
          "x": 0.9,
          "y": 0.3
        },
        {
          "id": "ethernet_2",
          "type": "ethernet",
          "x": 0.9,
          "y": 0.45
        }
      ],
      "physical_in": {
        "w": 4.36,
        "h": 2.005
      },
      "physical_in_source": "scaled_from_pdh_reference_viewbox"
    },
    {
      "id": "victor-spx",
      "name": "Victor SPX",
      "svg": "Victor SPX.svg",
      "category": "uncategorized",
      "tags": [],
      "defaults": {
        "rotation": 0,
        "scale": 1
      },
      "svg_meta": {
        "viewBox": {
          "minX": 0,
          "minY": 0,
          "width": 239.09,
          "height": 110.94
        },
        "widthAttr": "239.09",
        "heightAttr": "110.94",
        "widthPx": 239.09,
        "heightPx": 110.94,
        "aspect": 2.155128898503696
      },
      "ports": [
        {
          "id": "pdh_in_pos",
          "type": "12_gauge",
          "x": 0.1,
          "y": 0.25
        },
        {
          "id": "pdh_in_neg",
          "type": "12_gauge",
          "x": 0.1,
          "y": 0.35
        },
        {
          "id": "motor_out_a",
          "type": "12_gauge",
          "x": 0.9,
          "y": 0.25
        },
        {
          "id": "motor_out_b",
          "type": "12_gauge",
          "x": 0.9,
          "y": 0.35
        },
        {
          "id": "signal",
          "type": "18_gauge",
          "x": 0.1,
          "y": 0.6
        }
      ],
      "physical_in": {
        "w": 2.283,
        "h": 1.059
      },
      "physical_in_source": "scaled_from_pdh_reference_viewbox"
    },
    {
      "id": "vlair-compressor",
      "name": "Vlair Compressor",
      "svg": "Vlair Compressor.svg",
      "category": "uncategorized",
      "tags": [],
      "defaults": {
        "rotation": 0,
        "scale": 1
      },
      "svg_meta": {
        "viewBox": {
          "minX": 0,
          "minY": 0,
          "width": 290.57,
          "height": 226.74
        },
        "widthAttr": "290.57",
        "heightAttr": "226.74",
        "widthPx": 290.57,
        "heightPx": 226.74,
        "aspect": 1.2815118638087677
      },
      "ports": [
        {
          "id": "power",
          "type": "12_gauge",
          "x": 0.1,
          "y": 0.85
        }
      ],
      "physical_in": {
        "w": 2.775,
        "h": 2.165
      },
      "physical_in_source": "scaled_from_pdh_reference_viewbox"
    },
    {
      "id": "vrm",
      "name": "VRM",
      "svg": "VRM.svg",
      "category": "uncategorized",
      "tags": [],
      "defaults": {
        "rotation": 0,
        "scale": 1
      },
      "svg_meta": {
        "viewBox": {
          "minX": 0,
          "minY": 0,
          "width": 179.3,
          "height": 193.72
        },
        "widthAttr": "179.3",
        "heightAttr": "193.72",
        "widthPx": 179.3,
        "heightPx": 193.72,
        "aspect": 0.9255626677679125
      },
      "ports": [
        {
          "id": "pdh_in",
          "type": "18_gauge",
          "x": 0.1,
          "y": 0.25
        },
        {
          "id": "out_5v",
          "type": "18_gauge",
          "x": 0.9,
          "y": 0.35
        },
        {
          "id": "out_12v",
          "type": "18_gauge",
          "x": 0.9,
          "y": 0.5
        }
      ],
      "physical_in": {
        "w": 2.22,
        "h": 2.03,
        "t": 0.784
      },
      "physical_in_source": "ctre_vrm_users_guide"
    },
    {
      "id": "ws2812b-strip",
      "name": "WS2812B Strip",
      "svg": "WS2812B Strip.svg",
      "category": "uncategorized",
      "tags": [],
      "defaults": {
        "rotation": 0,
        "scale": 1
      },
      "svg_meta": {
        "viewBox": {
          "minX": 0,
          "minY": 0,
          "width": 175.44,
          "height": 22.86
        },
        "widthAttr": "175.44",
        "heightAttr": "22.86",
        "widthPx": 175.44,
        "heightPx": 22.86,
        "aspect": 7.6745406824146984
      },
      "ports": [
        {
          "id": "in",
          "type": "18_gauge",
          "x": 0.1,
          "y": 0.5
        },
        {
          "id": "out",
          "type": "18_gauge",
          "x": 0.9,
          "y": 0.5
        }
      ],
      "physical_in": {
        "w": 1.675,
        "h": 0.218
      },
      "physical_in_source": "scaled_from_pdh_reference_viewbox"
    }
  ],
  "physical_scale": {
    "method": "single_reference_scale",
    "reference_id": "pdh-no-fuses",
    "reference_real_in": {
      "h": 8.88,
      "w": 4.38
    },
    "reference_viewbox": {
      "w": 463.36,
      "h": 920.75
    },
    "inches_per_viewbox_unit": 0.009548502536291126,
    "reference_axis_swapped": false,
    "relative_fit_error": 0.02006991416878448,
    "note": "All non-overridden components are scaled from their SVG viewBox using one global inches-per-unit. If SVGs are from mixed sources/scales, results will be wrong; add per-component overrides instead."
  }
}